feature,importance_gini
NAME_INCOME_TYPE_Working,0.032145356605600195
ENTRANCES_MODE_NA,0.02976148971323263
FLOORSMAX_MODE_NA,0.024036066993899943
EXT_SOURCE_2,0.02291590052308336
FLOORSMAX_MEDI_NA,0.022620686749386297
NONLIVINGAREA_MODE_NA,0.021396620719372535
WALLSMATERIAL_MODE_NA,0.02120524828254633
ENTRANCES_AVG_NA,0.01985204195796879
FLOORSMAX_AVG_NA,0.019244070485446227
YEARS_BEGINEXPLUATATION_MEDI_NA,0.018824649902567308
TOTALAREA_MODE_NA,0.01874105377845642
LIVINGAREA_MEDI_NA,0.018710394379281032
APARTMENTS_MODE_NA,0.01737559147310443
ELEVATORS_MODE_NA,0.017356071014751995
EMERGENCYSTATE_MODE_NA,0.01731627811461174
LIVINGAREA_MODE_NA,0.01711454721562261
ELEVATORS_AVG_NA,0.016619866340857912
HOUSETYPE_MODE_NA,0.016175810842229525
ENTRANCES_MEDI_NA,0.015743147894060262
CODE_GENDER_M,0.015439825135427911
CODE_GENDER_F,0.015422322688524266
YEARS_BEGINEXPLUATATION_AVG_NA,0.015145304134718348
APARTMENTS_AVG_NA,0.014972721128612055
NAME_EDUCATION_TYPE_Secondary / secondary special,0.014142007781071187
NAME_EDUCATION_TYPE_Higher education,0.01353113289199391
APARTMENTS_MEDI_NA,0.013271690675018384
ELEVATORS_MEDI_NA,0.013191205618206333
LIVINGAREA_AVG_NA,0.012742505398861586
YEARS_BEGINEXPLUATATION_MODE_NA,0.01215585418886291
LANDAREA_MEDI_NA,0.011924727295603238
NONLIVINGAREA_AVG_NA,0.011544968413757755
BASEMENTAREA_MEDI_NA,0.010693030506275613
NONLIVINGAPARTMENTS_MEDI_NA,0.009764530710345243
LANDAREA_AVG_NA,0.009206458175049576
FLOORSMIN_MEDI_NA,0.00916194947939873
LANDAREA_MODE_NA,0.009145899677102142
FLAG_OWN_CAR_Y,0.008595886924862907
LIVINGAPARTMENTS_AVG_NA,0.008528890047824618
LIVINGAPARTMENTS_MODE_NA,0.00837292320663703
PREV_NAME_SELLER_INDUSTRY_Connectivity_MEAN,0.00810100851724322
OWN_CAR_AGE_NA,0.007938008277352616
YEARS_BUILD_MEDI_NA,0.007904080664351517
YEARS_BUILD_AVG_NA,0.00788635523966058
BASEMENTAREA_MODE_NA,0.007481634709784039
REG_CITY_NOT_WORK_CITY,0.007460752432196071
COMMONAREA_AVG_NA,0.007334886956640814
FLAG_WORK_PHONE,0.0072929829662792146
PREV_PRODUCT_COMBINATION_POS mobile with interest_MEAN,0.00703830886122965
FLAG_OWN_CAR_N,0.00702720161966014
COMMONAREA_MODE_NA,0.006926122349036351
NONLIVINGAREA_MEDI_NA,0.006912937394055388
YEARS_BUILD_MODE_NA,0.00679913175316925
FLOORSMIN_AVG_NA,0.006770464090477996
LIVINGAPARTMENTS_MEDI_NA,0.006312213115009537
EXT_SOURCE_1_NA,0.00626922285750122
WALLSMATERIAL_MODE_Panel,0.006257090871059076
NAME_FAMILY_STATUS_Married,0.006248268527878126
COMMONAREA_MEDI_NA,0.005743732784192313
ORGANIZATION_TYPE_XNA,0.005547742790276538
NONLIVINGAPARTMENTS_AVG_NA,0.005426515888974488
BASEMENTAREA_AVG_NA,0.005306963383411003
FLAG_DOCUMENT_3,0.005148737382133796
PREV_NAME_PRODUCT_TYPE_walk-in_MEAN,0.005019569641481412
EXT_SOURCE_1,0.004772808268351591
FLOORSMIN_MODE_NA,0.004612871887496034
PREV_NAME_YIELD_GROUP_high_MEAN,0.004592154207106814
FLAG_EMP_PHONE,0.004590501962840144
EXT_SOURCE_3,0.004417046029006749
NONLIVINGAPARTMENTS_MODE_NA,0.00428238898242091
PREV_NAME_GOODS_CATEGORY_Mobile_MEAN,0.004247147394867045
APPROVED_RATE_DOWN_PAYMENT_MIN,0.004171566725703289
CNT_CHILDREN,0.004106483738431668
POS_MONTHS_BALANCE_MAX,0.00402161934636433
NAME_INCOME_TYPE_Commercial associate,0.003824761495452791
LIVE_CITY_NOT_WORK_CITY,0.003770319843903891
FLAG_PHONE,0.0037063843459739735
PREV_NAME_CONTRACT_TYPE_Revolving loans_MEAN,0.003586262990496461
OCCUPATION_TYPE_Laborers,0.003440513077745896
LIVINGAREA_AVG,0.0034272962749521347
"WALLSMATERIAL_MODE_Stone, brick",0.003353390732702317
FONDKAPREMONT_MODE_NA,0.003255887208332852
PREV_PRODUCT_COMBINATION_Card Street_MEAN,0.0030481217859291655
PREV_NAME_PORTFOLIO_Cards_MEAN,0.0028942633276538847
FLAG_OWN_REALTY_Y,0.0027730635996519536
FLAG_OWN_REALTY_N,0.0027379616811473786
NAME_INCOME_TYPE_Pensioner,0.0026418058012045997
WEEKDAY_APPR_PROCESS_START_THURSDAY,0.0025935320030406046
PREV_RATE_DOWN_PAYMENT_MIN,0.002381861383835022
LIVINGAREA_MEDI,0.002294397969411639
APPROVED_AMT_DOWN_PAYMENT_MIN,0.0022339266498389403
REG_CITY_NOT_LIVE_CITY,0.002194674035161698
FLOORSMAX_AVG,0.0021684039692888074
OCCUPATION_TYPE_Drivers,0.002093552406216587
OBS_60_CNT_SOCIAL_CIRCLE,0.0019174837658444018
OBS_30_CNT_SOCIAL_CIRCLE,0.0018929463762685354
INSTAL_DPD_SUM,0.0018121974584550781
LIVINGAREA_MODE,0.0015800112304111935
BURO_DAYS_CREDIT_ENDDATE_MEAN,0.0015275355289056298
PREV_NAME_CLIENT_TYPE_New_MEAN,0.0015118388986731116
BURO_AMT_CREDIT_MAX_OVERDUE_MEAN,0.0014701108429025285
TOTALAREA_MODE,0.0014458456376690873
BURO_AMT_CREDIT_SUM_DEBT_MAX,0.0014095720623880077
LANDAREA_MEDI,0.0013734069839773232
ORGANIZATION_TYPE_Business Entity Type 3,0.0013517277729695482
NAME_HOUSING_TYPE_House / apartment,0.001301785620252661
POS_SK_DPD_DEF_MEAN,0.0012913007625093155
DAYS_BIRTH,0.001258109422769208
YEARS_BEGINEXPLUATATION_MODE,0.0012349219721516603
PREV_CODE_REJECT_REASON_XAP_MEAN,0.0012266787885426313
AMT_GOODS_PRICE,0.0012257943913007586
PREV_NAME_YIELD_GROUP_XNA_MEAN,0.0012217033384494943
NONLIVINGAREA_MODE,0.0011927338801457374
DAYS_EMPLOYED_PERC,0.0011878655473134328
NAME_TYPE_SUITE_Unaccompanied,0.001184433849555747
POS_SK_DPD_DEF_MAX,0.0011831412203674003
AMT_REQ_CREDIT_BUREAU_YEAR,0.0011446029342657429
DAYS_EMPLOYED,0.0011314047653772717
YEARS_BEGINEXPLUATATION_MEDI,0.001126331083243106
PREV_NAME_PAYMENT_TYPE_Cash through the bank_MEAN,0.0011019885434205544
LIVINGAPARTMENTS_MODE,0.0010969916483603533
PREV_AMT_DOWN_PAYMENT_MIN,0.001093282933767447
PREV_CHANNEL_TYPE_Country-wide_MEAN,0.0010904038645810949
REGION_RATING_CLIENT,0.0010881748066426888
BURO_AMT_CREDIT_SUM_DEBT_MEAN,0.0010861136796277862
ACTIVE_AMT_CREDIT_SUM_DEBT_MEAN,0.0010257978376427676
NONLIVINGAREA_AVG,0.0010237516472933429
WEEKDAY_APPR_PROCESS_START_FRIDAY,0.001023152732948793
APARTMENTS_MODE,0.0010112524098092517
PREV_PRODUCT_COMBINATION_Cash Street: high_MEAN,0.0009774330071875075
PREV_CODE_REJECT_REASON_HC_MEAN,0.0009720016294211893
PREV_WEEKDAY_APPR_PROCESS_START_SATURDAY_MEAN,0.000948478205103435
BURO_AMT_CREDIT_SUM_DEBT_SUM,0.0009460480735275692
REGION_RATING_CLIENT_W_CITY,0.0009163258921480659
BURO_DAYS_CREDIT_MIN,0.000903343737436218
CNT_FAM_MEMBERS,0.0008649940850212741
ENTRANCES_MODE,0.0008621760833299034
FLOORSMAX_MEDI,0.0008608498673189784
PREV_WEEKDAY_APPR_PROCESS_START_SUNDAY_MEAN,0.0008478957803608275
INSTAL_DPD_MEAN,0.0008332748181416856
COMMONAREA_AVG,0.0008285625052111457
PREV_WEEKDAY_APPR_PROCESS_START_MONDAY_MEAN,0.0008183364575009611
PREV_NAME_SELLER_INDUSTRY_Consumer electronics_MEAN,0.0007995277694125403
BASEMENTAREA_MODE,0.0007825791962585146
PREV_NAME_CONTRACT_STATUS_Refused_MEAN,0.00077518945173729
PREV_NAME_PAYMENT_TYPE_XNA_MEAN,0.0007554417663626963
INSTAL_NUM_INSTALMENT_VERSION_NUNIQUE,0.0007463382051503971
PREV_PRODUCT_COMBINATION_Cash X-Sell: high_MEAN,0.0007435645431312666
INSTAL_DPD_MAX,0.0007249574056557765
BURO_CREDIT_TYPE_Credit card_MEAN,0.0007052213628947867
REFUSED_AMT_CREDIT_MIN,0.0006978721580723716
NAME_HOUSING_TYPE_With parents,0.0006757927098414645
PREV_PRODUCT_COMBINATION_POS household with interest_MEAN,0.0006688158238509845
PREV_APP_CREDIT_PERC_MIN,0.0006223200811182818
AMT_INCOME_TOTAL,0.0006089969731534097
ACTIVE_AMT_CREDIT_MAX_OVERDUE_MEAN,0.0005522809987121849
WEEKDAY_APPR_PROCESS_START_TUESDAY,0.0005522100736555551
NONLIVINGAREA_MEDI,0.0005209115522166444
OWN_CAR_AGE,0.000507152990529703
YEARS_BUILD_AVG,0.0005055198025029514
REFUSED_AMT_DOWN_PAYMENT_MIN,0.0005015737968420519
POS_SK_DPD_MEAN,0.0004845854060684855
FLOORSMAX_MODE,0.00048122149418648155
NAME_FAMILY_STATUS_Single / not married,0.00047452121568012853
REFUSED_CNT_PAYMENT_SUM,0.00046866781641593164
PREV_AMT_CREDIT_MIN,0.000461235444254632
WEEKDAY_APPR_PROCESS_START_WEDNESDAY,0.00045254879110526565
ENTRANCES_AVG,0.0004459445687993165
APPROVED_APP_CREDIT_PERC_MIN,0.00044543522811582006
ACTIVE_DAYS_CREDIT_MEAN,0.00044462643616104635
LANDAREA_MODE,0.00044431153985184104
REFUSED_HOUR_APPR_PROCESS_START_MAX,0.0004366242186448811
LIVINGAPARTMENTS_AVG,0.0004321485357594812
ANNUITY_INCOME_PERC,0.0004153875358966956
APPROVED_AMT_APPLICATION_MIN,0.00040872966475045594
POS_SK_DPD_MAX,0.0004070342423681958
PREV_AMT_DOWN_PAYMENT_MAX,0.0004018638672587518
PAYMENT_RATE,0.00039952548393818257
NAME_TYPE_SUITE_Family,0.0003967216666557901
PREV_AMT_APPLICATION_MIN,0.0003962944811652173
PREV_CHANNEL_TYPE_Stone_MEAN,0.000395987503672647
COMMONAREA_MODE,0.0003959551975998152
CLOSED_AMT_CREDIT_MAX_OVERDUE_MEAN,0.0003934759205123177
PREV_NAME_PORTFOLIO_XNA_MEAN,0.00038965370167276574
ENTRANCES_MEDI,0.000385842371544872
FLOORSMIN_MODE,0.00038137492443499933
NAME_FAMILY_STATUS_Civil marriage,0.00037629075441191585
BURO_CREDIT_TYPE_Consumer credit_MEAN,0.00037317211644834176
PREV_NAME_CONTRACT_STATUS_Approved_MEAN,0.0003636101290642864
POS_COUNT,0.0003611756303772872
APPROVED_RATE_DOWN_PAYMENT_MAX,0.0003601210369807121
POS_MONTHS_BALANCE_SIZE,0.0003594153825693778
YEARS_BUILD_MODE,0.000358167138627829
WEEKDAY_APPR_PROCESS_START_MONDAY,0.0003570009776088458
OCCUPATION_TYPE_Sales staff,0.0003500372729786116
PREV_RATE_DOWN_PAYMENT_MAX,0.00034457947737963996
BURO_DAYS_CREDIT_ENDDATE_MIN,0.00033639351794908194
YEARS_BEGINEXPLUATATION_AVG,0.00033637282976986576
NONLIVINGAPARTMENTS_MODE,0.0003346270767262686
ELEVATORS_AVG,0.0003308755472067016
PREV_AMT_ANNUITY_MAX,0.0003301478797736237
COMMONAREA_MEDI,0.00032695163005731586
ACTIVE_DAYS_CREDIT_ENDDATE_MAX,0.0003126600480987729
BURO_DAYS_CREDIT_MEAN,0.0003097276745791897
ELEVATORS_MODE,0.00030866325182178693
BURO_CREDIT_ACTIVE_Closed_MEAN,0.0003075359092862798
REFUSED_AMT_GOODS_PRICE_MEAN,0.00029818324653806843
BURO_DAYS_CREDIT_ENDDATE_MAX,0.000294858557122927
PREV_PRODUCT_COMBINATION_Cash_MEAN,0.0002876930638470926
DAYS_LAST_PHONE_CHANGE,0.000280466487605858
AMT_CREDIT,0.000279728610552145
PREV_DAYS_DECISION_MIN,0.0002742095450616538
BURO_CREDIT_ACTIVE_Sold_MEAN,0.00027275088887607956
DEF_30_CNT_SOCIAL_CIRCLE,0.00027207865948001496
PREV_CODE_REJECT_REASON_LIMIT_MEAN,0.0002675301530433891
PREV_NAME_CONTRACT_TYPE_Consumer loans_MEAN,0.00026235905159837996
APPROVED_AMT_ANNUITY_MIN,0.00025985187983161204
INSTAL_AMT_PAYMENT_SUM,0.00025673131844587536
PREV_WEEKDAY_APPR_PROCESS_START_WEDNESDAY_MEAN,0.00025642923162102766
FLOORSMIN_MEDI,0.00025576285441598434
APPROVED_AMT_DOWN_PAYMENT_MEAN,0.00024757361470056303
AMT_REQ_CREDIT_BUREAU_QRT,0.00024672458706471935
APARTMENTS_MEDI,0.00024528246486570657
APPROVED_AMT_APPLICATION_MAX,0.00024386234686829132
APPROVED_AMT_ANNUITY_MAX,0.00024309023110052563
APPROVED_CNT_PAYMENT_SUM,0.0002426669979004397
PREV_NAME_GOODS_CATEGORY_Audio/Video_MEAN,0.00024246472139322317
INSTAL_AMT_INSTALMENT_SUM,0.00024207140060387175
REFUSED_RATE_DOWN_PAYMENT_MIN,0.00024127031788596814
REFUSED_AMT_CREDIT_MEAN,0.00024018445977009973
REFUSED_AMT_APPLICATION_MEAN,0.00023562129523529822
PREV_NAME_GOODS_CATEGORY_XNA_MEAN,0.0002355976600227877
BURO_AMT_CREDIT_SUM_SUM,0.00023426609457158086
REFUSED_APP_CREDIT_PERC_MIN,0.00023402711198775808
CLOSED_DAYS_CREDIT_ENDDATE_MIN,0.0002308557687279305
BURO_DAYS_CREDIT_VAR,0.00023081236264792804
PREV_NAME_CLIENT_TYPE_Repeater_MEAN,0.00022985898320110156
APPROVED_AMT_APPLICATION_MEAN,0.00022937334736308226
PREV_APP_CREDIT_PERC_MAX,0.00022772690895710856
NAME_CONTRACT_TYPE_Revolving loans,0.00022582116451740672
ORGANIZATION_TYPE_Self-employed,0.0002253313227638666
APPROVED_AMT_DOWN_PAYMENT_MAX,0.00022140220946697455
INSTAL_PAYMENT_PERC_SUM,0.00021571564276747635
BURO_DAYS_CREDIT_UPDATE_MEAN,0.00021317893421256734
PREV_NAME_PORTFOLIO_POS_MEAN,0.00020950055099496726
NONLIVINGAPARTMENTS_MEDI,0.00020556222812728053
HOUR_APPR_PROCESS_START,0.00020395765601210282
ACTIVE_AMT_CREDIT_SUM_DEBT_SUM,0.00019946464142318884
PREV_NAME_PRODUCT_TYPE_XNA_MEAN,0.00019879786578614442
APPROVED_AMT_ANNUITY_MEAN,0.0001922856717718217
PREV_NAME_CASH_LOAN_PURPOSE_XAP_MEAN,0.0001879561311491323
PREV_NAME_CONTRACT_TYPE_Cash loans_MEAN,0.00018611047615156695
REFUSED_APP_CREDIT_PERC_VAR,0.00018518889250892004
REFUSED_HOUR_APPR_PROCESS_START_MEAN,0.00018493512117664357
ACTIVE_DAYS_CREDIT_ENDDATE_MIN,0.00018398253857500042
BURO_AMT_CREDIT_SUM_MAX,0.0001814243256528835
INSTAL_PAYMENT_DIFF_MAX,0.00018135336662914882
PREV_RATE_DOWN_PAYMENT_MEAN,0.00018034851204172013
PREV_PRODUCT_COMBINATION_Card X-Sell_MEAN,0.00018029091267819745
APPROVED_AMT_GOODS_PRICE_MEAN,0.00017859848832098423
BASEMENTAREA_AVG,0.00017325711454866974
REFUSED_AMT_DOWN_PAYMENT_MAX,0.00017225463755880143
FLAG_DOCUMENT_8,0.00017061523639957225
PREV_NAME_CASH_LOAN_PURPOSE_Other_MEAN,0.00016955325129102807
REFUSED_AMT_ANNUITY_MIN,0.00016848062093639522
LIVE_REGION_NOT_WORK_REGION,0.00016478496639620943
PREV_WEEKDAY_APPR_PROCESS_START_THURSDAY_MEAN,0.00016341789413228217
PREV_NAME_CASH_LOAN_PURPOSE_XNA_MEAN,0.00016267688851198545
ACTIVE_AMT_CREDIT_SUM_DEBT_MAX,0.0001619206704774197
AMT_ANNUITY,0.0001571773070177157
REFUSED_AMT_ANNUITY_MAX,0.00015539853146548453
APPROVED_AMT_GOODS_PRICE_MAX,0.00015188562937550098
PREV_HOUR_APPR_PROCESS_START_MAX,0.00015115513118637322
PREV_WEEKDAY_APPR_PROCESS_START_FRIDAY_MEAN,0.00015020721175241605
CLOSED_DAYS_CREDIT_MIN,0.0001500010521922041
PREV_NAME_SELLER_INDUSTRY_XNA_MEAN,0.00014820064680436403
APPROVED_DAYS_DECISION_MIN,0.00014710124363662096
NAME_FAMILY_STATUS_Separated,0.00014593981021008968
INSTAL_AMT_INSTALMENT_MEAN,0.00014482251559592489
PREV_NAME_PRODUCT_TYPE_x-sell_MEAN,0.00014425197824818336
ACTIVE_AMT_CREDIT_SUM_SUM,0.00014335326151123653
APPROVED_APP_CREDIT_PERC_MAX,0.0001431566184776934
PREV_AMT_GOODS_PRICE_MAX,0.00014280675603202332
INSTAL_DAYS_ENTRY_PAYMENT_MAX,0.0001425583886397521
FONDKAPREMONT_MODE_reg oper account,0.00014254650931746297
FLOORSMIN_AVG,0.0001419372111275228
REFUSED_AMT_GOODS_PRICE_MAX,0.00014128110119782355
APPROVED_HOUR_APPR_PROCESS_START_MAX,0.00014025907436145628
ELEVATORS_MEDI,0.000139243194667246
BURO_AMT_CREDIT_SUM_LIMIT_SUM,0.00013900078497833222
PREV_CHANNEL_TYPE_Contact center_MEAN,0.00013770884667034465
REFUSED_APP_CREDIT_PERC_MEAN,0.00013688377319507142
BURO_AMT_CREDIT_SUM_LIMIT_MEAN,0.00013635571948558413
ACTIVE_AMT_CREDIT_SUM_LIMIT_SUM,0.00013621925057658867
REFUSED_CNT_PAYMENT_MEAN,0.00013540450732836795
BURO_CREDIT_ACTIVE_Active_MEAN,0.00012977072325153288
ACTIVE_AMT_CREDIT_SUM_MAX,0.00012942398029036333
INSTAL_PAYMENT_DIFF_MEAN,0.00012800639440320197
PREV_AMT_ANNUITY_MEAN,0.0001270817273060961
INSTAL_PAYMENT_DIFF_VAR,0.0001255439478347122
PREV_CODE_REJECT_REASON_SCOFR_MEAN,0.00012497676929258298
PREV_CHANNEL_TYPE_Credit and cash offices_MEAN,0.00012447200187836862
APPROVED_DAYS_DECISION_MEAN,0.0001244708557179948
ACTIVE_AMT_CREDIT_SUM_LIMIT_MEAN,0.00012260478722785263
WEEKDAY_APPR_PROCESS_START_SATURDAY,0.0001212199481653529
BURO_AMT_CREDIT_SUM_MEAN,0.00011930598905759507
FLAG_DOCUMENT_6,0.0001187091921775851
NONLIVINGAPARTMENTS_AVG,0.00011781948393952656
INSTAL_AMT_PAYMENT_MIN,0.00011418392718609854
APPROVED_AMT_CREDIT_MIN,0.00011334517663378263
PREV_AMT_ANNUITY_MIN,0.00011134814801150551
PREV_AMT_CREDIT_MEAN,0.00011063633553786136
PREV_AMT_GOODS_PRICE_MIN,0.00010955196733596968
PREV_NAME_TYPE_SUITE_Unaccompanied_MEAN,0.0001082951500566903
REFUSED_AMT_CREDIT_MAX,0.00010787742110960008
PREV_NAME_YIELD_GROUP_low_normal_MEAN,0.0001077842835728918
BURO_CREDIT_TYPE_Microloan_MEAN,0.000107606336867394
INSTAL_PAYMENT_DIFF_SUM,0.0001071578632014046
APPROVED_APP_CREDIT_PERC_VAR,0.00010676954335541416
APPROVED_AMT_CREDIT_MAX,0.0001056910456295768
REFUSED_AMT_GOODS_PRICE_MIN,0.00010405454736059595
REFUSED_AMT_APPLICATION_MAX,0.00010355175988422083
YEARS_BUILD_MEDI,0.00010326157120243152
PREV_AMT_GOODS_PRICE_MEAN,9.954854641089559e-05
APPROVED_AMT_CREDIT_MEAN,9.882003611518855e-05
INSTAL_DAYS_ENTRY_PAYMENT_SUM,9.853440652586117e-05
CLOSED_DAYS_CREDIT_ENDDATE_MAX,9.763058394893306e-05
PREV_NAME_GOODS_CATEGORY_Computers_MEAN,9.666844005803492e-05
PREV_NAME_CASH_LOAN_PURPOSE_Repairs_MEAN,9.627360856453761e-05
INSTAL_DBD_SUM,9.579608033876527e-05
PREV_APP_CREDIT_PERC_MEAN,9.520637889740294e-05
PREV_AMT_CREDIT_MAX,9.458614460927485e-05
APPROVED_AMT_GOODS_PRICE_MIN,9.190833919953862e-05
BURO_STATUS_X_MEAN_MEAN,9.069715874977617e-05
REFUSED_DAYS_DECISION_MAX,8.797348066289881e-05
PREV_NAME_TYPE_SUITE_Family_MEAN,8.79711048431092e-05
PREV_NAME_GOODS_CATEGORY_Jewelry_MEAN,8.768984296448595e-05
LANDAREA_AVG,8.700991449035653e-05
ACTIVE_DAYS_CREDIT_MAX,8.636402133972804e-05
INSTAL_AMT_INSTALMENT_MAX,8.629840531730044e-05
ACTIVE_DAYS_CREDIT_VAR,8.59466074330816e-05
LIVINGAPARTMENTS_MEDI,8.5866844346921e-05
PREV_CHANNEL_TYPE_Regional / Local_MEAN,8.580627035095473e-05
POS_NAME_CONTRACT_STATUS_Active_MEAN,8.551003154404538e-05
BURO_AMT_ANNUITY_MEAN,8.514723764158203e-05
APPROVED_APP_CREDIT_PERC_MEAN,8.477403935768932e-05
NAME_INCOME_TYPE_State servant,8.179800678609754e-05
PREV_NAME_PAYMENT_TYPE_Non-cash from your account_MEAN,8.049609646426023e-05
ORGANIZATION_TYPE_Business Entity Type 2,7.95758759739714e-05
REFUSED_AMT_ANNUITY_MEAN,7.957366622153346e-05
ACTIVE_DAYS_CREDIT_MIN,7.912421344745991e-05
INCOME_PER_PERSON,7.840096003418328e-05
PREV_NAME_CONTRACT_STATUS_Unused offer_MEAN,7.740160367078679e-05
REFUSED_HOUR_APPR_PROCESS_START_MIN,7.63988471084589e-05
REFUSED_DAYS_DECISION_MIN,7.609839435317575e-05
PREV_AMT_APPLICATION_MAX,7.43568242324709e-05
ACTIVE_DAYS_CREDIT_ENDDATE_MEAN,7.349930834653572e-05
INSTAL_DBD_MAX,7.244861156653179e-05
CLOSED_DAYS_CREDIT_ENDDATE_MEAN,7.146678968121474e-05
PREV_AMT_DOWN_PAYMENT_MEAN,7.131553803302067e-05
APPROVED_HOUR_APPR_PROCESS_START_MEAN,7.120629954770157e-05
PREV_NAME_CONTRACT_STATUS_Canceled_MEAN,7.1116168458627e-05
INSTAL_COUNT,6.97346845279948e-05
REFUSED_DAYS_DECISION_MEAN,6.895993751120783e-05
INSTAL_DBD_MEAN,6.848422697243628e-05
PREV_DAYS_DECISION_MAX,6.774206969738998e-05
PREV_APP_CREDIT_PERC_VAR,6.743131108277381e-05
APPROVED_HOUR_APPR_PROCESS_START_MIN,6.368607168451926e-05
PREV_NAME_YIELD_GROUP_low_action_MEAN,6.196904823752696e-05
REFUSED_AMT_APPLICATION_MIN,6.188051982679233e-05
PREV_PRODUCT_COMBINATION_Cash Street: middle_MEAN,6.179083158660957e-05
POS_NAME_CONTRACT_STATUS_Completed_MEAN,6.121506447697953e-05
INSTAL_PAYMENT_PERC_VAR,6.108948337215513e-05
PREV_CNT_PAYMENT_MEAN,6.095815246860245e-05
PREV_HOUR_APPR_PROCESS_START_MIN,5.7573907949097273e-05
CLOSED_AMT_CREDIT_SUM_MEAN,5.7566925983012196e-05
PREV_AMT_APPLICATION_MEAN,5.698071432193582e-05
CLOSED_DAYS_CREDIT_VAR,5.6900945145814295e-05
PREV_PRODUCT_COMBINATION_Cash X-Sell: middle_MEAN,5.628822232645349e-05
APPROVED_RATE_DOWN_PAYMENT_MEAN,5.624610504903119e-05
BURO_DAYS_CREDIT_MAX,5.478432452469823e-05
CLOSED_DAYS_CREDIT_MAX,5.339960221617301e-05
INSTAL_AMT_PAYMENT_MAX,5.333968433833821e-05
PREV_DAYS_DECISION_MEAN,5.140393533002815e-05
ACTIVE_AMT_CREDIT_SUM_MEAN,5.118790734143445e-05
PREV_CODE_REJECT_REASON_CLIENT_MEAN,4.882255379709002e-05
INCOME_CREDIT_PERC,4.722633920766649e-05
POS_MONTHS_BALANCE_MEAN,4.6822156388654434e-05
ACTIVE_MONTHS_BALANCE_MIN_MIN,4.6755875832860015e-05
CLOSED_AMT_CREDIT_SUM_SUM,4.6751317971261036e-05
APPROVED_CNT_PAYMENT_MEAN,4.420207822899672e-05
PREV_NAME_TYPE_SUITE_Other_A_MEAN,4.233866500652093e-05
INSTAL_AMT_PAYMENT_MEAN,4.1841920974203484e-05
CLOSED_DAYS_CREDIT_MEAN,3.8603058551682575e-05
BURO_STATUS_C_MEAN_MEAN,3.810460954700414e-05
PREV_CODE_REJECT_REASON_SCO_MEAN,3.803184257313233e-05
BURO_STATUS_1_MEAN_MEAN,3.717452495653009e-05
PREV_NAME_SELLER_INDUSTRY_Clothing_MEAN,3.5614433970336475e-05
REFUSED_RATE_DOWN_PAYMENT_MAX,3.462764876374748e-05
PREV_NAME_PORTFOLIO_Cash_MEAN,3.4330870685787044e-05
INSTAL_PAYMENT_PERC_MEAN,3.393086164329387e-05
PREV_NAME_GOODS_CATEGORY_Consumer Electronics_MEAN,3.310518149193293e-05
PREV_CNT_PAYMENT_SUM,3.219978167483424e-05
REGION_POPULATION_RELATIVE,3.180016981420089e-05
APPROVED_DAYS_DECISION_MAX,3.145914454962619e-05
PREV_NAME_YIELD_GROUP_middle_MEAN,2.9659994679793465e-05
CLOSED_AMT_CREDIT_SUM_MAX,2.8650625873864147e-05
CLOSED_DAYS_CREDIT_UPDATE_MEAN,2.8567459192708783e-05
APARTMENTS_AVG,2.8248822596170265e-05
DAYS_REGISTRATION,2.77063005194474e-05
REG_REGION_NOT_WORK_REGION,2.7050456150132667e-05
BASEMENTAREA_MEDI,2.6948897326327138e-05
BURO_MONTHS_BALANCE_SIZE_SUM,2.6012412571092206e-05
PREV_PRODUCT_COMBINATION_POS industry with interest_MEAN,2.597075363532429e-05
ACTIVE_MONTHS_BALANCE_SIZE_SUM,2.5680281109252434e-05
WALLSMATERIAL_MODE_Wooden,2.3589371227586706e-05
PREV_NAME_GOODS_CATEGORY_Clothing and Accessories_MEAN,2.3198917252918826e-05
INSTAL_DAYS_ENTRY_PAYMENT_MEAN,2.307442286123214e-05
AMT_REQ_CREDIT_BUREAU_MON,2.23215231745644e-05
REFUSED_RATE_DOWN_PAYMENT_MEAN,2.228339985295715e-05
POS_NAME_CONTRACT_STATUS_Signed_MEAN,2.0612828982567797e-05
NAME_CONTRACT_TYPE_Cash loans,1.999715383993198e-05
ACTIVE_DAYS_CREDIT_UPDATE_MEAN,1.9836645019732004e-05
REFUSED_APP_CREDIT_PERC_MAX,1.775744376189473e-05
"PREV_NAME_TYPE_SUITE_Spouse, partner_MEAN",1.743141390252405e-05
BURO_MONTHS_BALANCE_SIZE_MEAN,1.736094062537622e-05
FLAG_EMAIL,1.7043454261008054e-05
DEF_60_CNT_SOCIAL_CIRCLE,1.67063218145929e-05
CLOSED_MONTHS_BALANCE_SIZE_SUM,1.5947218966877882e-05
BURO_MONTHS_BALANCE_MIN_MIN,1.4994685177493272e-05
PREV_HOUR_APPR_PROCESS_START_MEAN,1.4605541650324563e-05
ACTIVE_MONTHS_BALANCE_SIZE_MEAN,1.3775548911024559e-05
PREV_PRODUCT_COMBINATION_POS mobile without interest_MEAN,1.3369393028223033e-05
CLOSED_AMT_ANNUITY_MAX,1.285200309121563e-05
CLOSED_MONTHS_BALANCE_MIN_MIN,1.2734458326759936e-05
FONDKAPREMONT_MODE_reg oper spec account,1.203290786308067e-05
PREV_WEEKDAY_APPR_PROCESS_START_TUESDAY_MEAN,1.1883361210096218e-05
PREV_PRODUCT_COMBINATION_POS household without interest_MEAN,1.183057241323996e-05
REFUSED_AMT_DOWN_PAYMENT_MEAN,7.228449071897971e-06
PREV_NAME_CLIENT_TYPE_Refreshed_MEAN,7.092835702995948e-06
BURO_AMT_ANNUITY_MAX,6.9926243520578295e-06
ACTIVE_AMT_ANNUITY_MAX,6.840224738895828e-06
PREV_NAME_SELLER_INDUSTRY_Furniture_MEAN,6.742710045104421e-06
PREV_PRODUCT_COMBINATION_Cash Street: low_MEAN,5.282514682719784e-06
CLOSED_MONTHS_BALANCE_SIZE_MEAN,4.661741215287196e-06
POS_NAME_CONTRACT_STATUS_Returned to the store_MEAN,0.0
REG_REGION_NOT_LIVE_REGION,0.0
CLOSED_CREDIT_DAY_OVERDUE_MAX,0.0
AMT_REQ_CREDIT_BUREAU_HOUR,0.0
WALLSMATERIAL_MODE_Mixed,0.0
ACTIVE_AMT_CREDIT_SUM_OVERDUE_MEAN,0.0
FLAG_DOCUMENT_20,0.0
CLOSED_CREDIT_DAY_OVERDUE_MEAN,0.0
BURO_STATUS_5_MEAN_MEAN,0.0
FLAG_CONT_MOBILE,0.0
NAME_TYPE_SUITE_Other_A,0.0
FLAG_MOBIL,0.0
BURO_CREDIT_TYPE_Loan for business development_MEAN,0.0
BURO_CREDIT_TYPE_Loan for purchase of shares (margin lending)_MEAN,0.0
BURO_CREDIT_TYPE_Loan for the purchase of equipment_MEAN,0.0
BURO_CREDIT_TYPE_Loan for working capital replenishment_MEAN,0.0
BURO_CREDIT_TYPE_Mobile operator loan_MEAN,0.0
BURO_CREDIT_TYPE_Mortgage_MEAN,0.0
BURO_CREDIT_TYPE_Real estate loan_MEAN,0.0
BURO_CREDIT_TYPE_Unknown type of loan_MEAN,0.0
BURO_CREDIT_TYPE_nan_MEAN,0.0
BURO_STATUS_0_MEAN_MEAN,0.0
BURO_STATUS_2_MEAN_MEAN,0.0
BURO_STATUS_3_MEAN_MEAN,0.0
BURO_STATUS_4_MEAN_MEAN,0.0
POS_NAME_CONTRACT_STATUS_nan_MEAN,0.0
WALLSMATERIAL_MODE_Monolithic,0.0
WALLSMATERIAL_MODE_Others,0.0
EMERGENCYSTATE_MODE_No,0.0
BURO_CREDIT_TYPE_Interbank credit_MEAN,0.0
FLAG_DOCUMENT_5,0.0
FLAG_DOCUMENT_7,0.0
FLAG_DOCUMENT_9,0.0
FLAG_DOCUMENT_10,0.0
FLAG_DOCUMENT_11,0.0
FLAG_DOCUMENT_12,0.0
FLAG_DOCUMENT_13,0.0
FLAG_DOCUMENT_14,0.0
FLAG_DOCUMENT_15,0.0
BURO_CREDIT_DAY_OVERDUE_MEAN,0.0
BURO_AMT_CREDIT_SUM_OVERDUE_MEAN,0.0
BURO_CNT_CREDIT_PROLONG_SUM,0.0
BURO_MONTHS_BALANCE_MAX_MAX,0.0
EMERGENCYSTATE_MODE_Yes,0.0
PREV_NAME_CONTRACT_TYPE_XNA_MEAN,0.0
PREV_NAME_CONTRACT_TYPE_nan_MEAN,0.0
PREV_WEEKDAY_APPR_PROCESS_START_nan_MEAN,0.0
PREV_FLAG_LAST_APPL_PER_CONTRACT_N_MEAN,0.0
PREV_FLAG_LAST_APPL_PER_CONTRACT_Y_MEAN,0.0
PREV_FLAG_LAST_APPL_PER_CONTRACT_nan_MEAN,0.0
PREV_NAME_CASH_LOAN_PURPOSE_Building a house or an annex_MEAN,0.0
PREV_NAME_CASH_LOAN_PURPOSE_Business development_MEAN,0.0
PREV_NAME_CASH_LOAN_PURPOSE_Buying a garage_MEAN,0.0
PREV_NAME_CASH_LOAN_PURPOSE_Buying a holiday home / land_MEAN,0.0
PREV_NAME_CASH_LOAN_PURPOSE_Buying a home_MEAN,0.0
PREV_NAME_CASH_LOAN_PURPOSE_Buying a new car_MEAN,0.0
PREV_NAME_CASH_LOAN_PURPOSE_Buying a used car_MEAN,0.0
PREV_NAME_CASH_LOAN_PURPOSE_Car repairs_MEAN,0.0
PREV_NAME_CASH_LOAN_PURPOSE_Education_MEAN,0.0
PREV_NAME_CASH_LOAN_PURPOSE_Everyday expenses_MEAN,0.0
PREV_NAME_CASH_LOAN_PURPOSE_Furniture_MEAN,0.0
PREV_NAME_CASH_LOAN_PURPOSE_Gasification / water supply_MEAN,0.0
PREV_NAME_CASH_LOAN_PURPOSE_Hobby_MEAN,0.0
PREV_NAME_CASH_LOAN_PURPOSE_Journey_MEAN,0.0
PREV_NAME_CASH_LOAN_PURPOSE_Medicine_MEAN,0.0
PREV_NAME_CASH_LOAN_PURPOSE_Money for a third person_MEAN,0.0
ORGANIZATION_TYPE_Services,0.0
ORGANIZATION_TYPE_Telecom,0.0
ORGANIZATION_TYPE_Trade: type 1,0.0
ORGANIZATION_TYPE_Trade: type 2,0.0
ORGANIZATION_TYPE_Trade: type 3,0.0
ORGANIZATION_TYPE_Trade: type 4,0.0
ORGANIZATION_TYPE_Trade: type 5,0.0
ORGANIZATION_TYPE_Trade: type 6,0.0
ORGANIZATION_TYPE_Trade: type 7,0.0
ORGANIZATION_TYPE_Transport: type 1,0.0
ORGANIZATION_TYPE_Transport: type 2,0.0
ORGANIZATION_TYPE_Transport: type 3,0.0
ORGANIZATION_TYPE_Transport: type 4,0.0
ORGANIZATION_TYPE_University,0.0
FONDKAPREMONT_MODE_not specified,0.0
FONDKAPREMONT_MODE_org spec account,0.0
PREV_NAME_CASH_LOAN_PURPOSE_Payments on other loans_MEAN,0.0
PREV_NAME_CASH_LOAN_PURPOSE_Purchase of electronic equipment_MEAN,0.0
PREV_NAME_CASH_LOAN_PURPOSE_Refusal to name the goal_MEAN,0.0
PREV_NAME_CASH_LOAN_PURPOSE_Urgent needs_MEAN,0.0
PREV_NAME_CASH_LOAN_PURPOSE_Wedding / gift / holiday_MEAN,0.0
PREV_NAME_CASH_LOAN_PURPOSE_nan_MEAN,0.0
FLAG_DOCUMENT_2,0.0
FLAG_DOCUMENT_4,0.0
PREV_NAME_CONTRACT_STATUS_nan_MEAN,0.0
PREV_NAME_PAYMENT_TYPE_Cashless from the account of the employer_MEAN,0.0
PREV_NAME_PAYMENT_TYPE_nan_MEAN,0.0
PREV_CODE_REJECT_REASON_SYSTEM_MEAN,0.0
PREV_CODE_REJECT_REASON_VERIF_MEAN,0.0
PREV_CODE_REJECT_REASON_XNA_MEAN,0.0
PREV_CODE_REJECT_REASON_nan_MEAN,0.0
ACTIVE_AMT_ANNUITY_MEAN,0.0
ACTIVE_CNT_CREDIT_PROLONG_SUM,0.0
ACTIVE_MONTHS_BALANCE_MAX_MAX,0.0
BURO_CREDIT_DAY_OVERDUE_MAX,0.0
BURO_CREDIT_CURRENCY_currency 3_MEAN,0.0
BURO_CREDIT_CURRENCY_currency 4_MEAN,0.0
BURO_CREDIT_CURRENCY_nan_MEAN,0.0
BURO_CREDIT_TYPE_Another type of loan_MEAN,0.0
BURO_CREDIT_TYPE_Car loan_MEAN,0.0
BURO_CREDIT_TYPE_Cash loan (non-earmarked)_MEAN,0.0
PREV_NAME_TYPE_SUITE_Children_MEAN,0.0
PREV_NAME_TYPE_SUITE_Group of people_MEAN,0.0
PREV_NAME_TYPE_SUITE_Other_B_MEAN,0.0
PREV_NAME_TYPE_SUITE_nan_MEAN,0.0
PREV_NAME_CLIENT_TYPE_XNA_MEAN,0.0
PREV_NAME_CLIENT_TYPE_nan_MEAN,0.0
PREV_NAME_GOODS_CATEGORY_Additional Service_MEAN,0.0
PREV_NAME_GOODS_CATEGORY_Animals_MEAN,0.0
PREV_NAME_GOODS_CATEGORY_Auto Accessories_MEAN,0.0
PREV_NAME_GOODS_CATEGORY_Construction Materials_MEAN,0.0
BURO_STATUS_nan_MEAN_MEAN,0.0
ACTIVE_CREDIT_DAY_OVERDUE_MAX,0.0
ACTIVE_CREDIT_DAY_OVERDUE_MEAN,0.0
BURO_CREDIT_ACTIVE_Bad debt_MEAN,0.0
BURO_CREDIT_ACTIVE_nan_MEAN,0.0
BURO_CREDIT_CURRENCY_currency 1_MEAN,0.0
BURO_CREDIT_CURRENCY_currency 2_MEAN,0.0
PREV_NAME_GOODS_CATEGORY_Direct Sales_MEAN,0.0
PREV_NAME_GOODS_CATEGORY_Education_MEAN,0.0
PREV_NAME_GOODS_CATEGORY_Fitness_MEAN,0.0
PREV_NAME_GOODS_CATEGORY_Furniture_MEAN,0.0
PREV_NAME_GOODS_CATEGORY_Gardening_MEAN,0.0
PREV_NAME_GOODS_CATEGORY_Homewares_MEAN,0.0
PREV_NAME_GOODS_CATEGORY_House Construction_MEAN,0.0
PREV_NAME_GOODS_CATEGORY_Insurance_MEAN,0.0
PREV_NAME_GOODS_CATEGORY_Medical Supplies_MEAN,0.0
PREV_NAME_GOODS_CATEGORY_Medicine_MEAN,0.0
ORGANIZATION_TYPE_Insurance,0.0
ORGANIZATION_TYPE_Kindergarten,0.0
ORGANIZATION_TYPE_Legal Services,0.0
ORGANIZATION_TYPE_Medicine,0.0
ORGANIZATION_TYPE_Military,0.0
ORGANIZATION_TYPE_Mobile,0.0
ORGANIZATION_TYPE_Other,0.0
ORGANIZATION_TYPE_Police,0.0
ORGANIZATION_TYPE_Postal,0.0
ORGANIZATION_TYPE_Realtor,0.0
ORGANIZATION_TYPE_Religion,0.0
ORGANIZATION_TYPE_Restaurant,0.0
ORGANIZATION_TYPE_School,0.0
ORGANIZATION_TYPE_Security,0.0
ORGANIZATION_TYPE_Security Ministries,0.0
PREV_NAME_GOODS_CATEGORY_Office Appliances_MEAN,0.0
PREV_NAME_GOODS_CATEGORY_Other_MEAN,0.0
PREV_NAME_GOODS_CATEGORY_Photo / Cinema Equipment_MEAN,0.0
PREV_NAME_GOODS_CATEGORY_Sport and Leisure_MEAN,0.0
PREV_NAME_GOODS_CATEGORY_Tourism_MEAN,0.0
PREV_NAME_GOODS_CATEGORY_Vehicles_MEAN,0.0
PREV_NAME_GOODS_CATEGORY_Weapon_MEAN,0.0
PREV_NAME_GOODS_CATEGORY_nan_MEAN,0.0
PREV_NAME_PORTFOLIO_Cars_MEAN,0.0
PREV_NAME_PORTFOLIO_nan_MEAN,0.0
PREV_NAME_PRODUCT_TYPE_nan_MEAN,0.0
PREV_CHANNEL_TYPE_AP+ (Cash loan)_MEAN,0.0
PREV_CHANNEL_TYPE_Car dealer_MEAN,0.0
PREV_CHANNEL_TYPE_Channel of corporate sales_MEAN,0.0
PREV_CHANNEL_TYPE_nan_MEAN,0.0
PREV_NAME_SELLER_INDUSTRY_Auto technology_MEAN,0.0
PREV_NAME_SELLER_INDUSTRY_Construction_MEAN,0.0
"NAME_TYPE_SUITE_Spouse, partner",0.0
PREV_NAME_SELLER_INDUSTRY_Industry_MEAN,0.0
PREV_NAME_SELLER_INDUSTRY_Jewelry_MEAN,0.0
PREV_NAME_SELLER_INDUSTRY_MLM partners_MEAN,0.0
PREV_NAME_SELLER_INDUSTRY_Tourism_MEAN,0.0
PREV_NAME_SELLER_INDUSTRY_nan_MEAN,0.0
ORGANIZATION_TYPE_Government,0.0
ORGANIZATION_TYPE_Hotel,0.0
ORGANIZATION_TYPE_Housing,0.0
ORGANIZATION_TYPE_Industry: type 1,0.0
ORGANIZATION_TYPE_Industry: type 10,0.0
ORGANIZATION_TYPE_Industry: type 11,0.0
ORGANIZATION_TYPE_Industry: type 12,0.0
ORGANIZATION_TYPE_Industry: type 13,0.0
ORGANIZATION_TYPE_Industry: type 2,0.0
ORGANIZATION_TYPE_Industry: type 3,0.0
ORGANIZATION_TYPE_Industry: type 4,0.0
ORGANIZATION_TYPE_Industry: type 5,0.0
ORGANIZATION_TYPE_Industry: type 6,0.0
ORGANIZATION_TYPE_Industry: type 7,0.0
ORGANIZATION_TYPE_Industry: type 8,0.0
ORGANIZATION_TYPE_Industry: type 9,0.0
PREV_NAME_YIELD_GROUP_nan_MEAN,0.0
CODE_GENDER_XNA,0.0
PREV_PRODUCT_COMBINATION_Cash X-Sell: low_MEAN,0.0
NAME_TYPE_SUITE_Children,0.0
PREV_PRODUCT_COMBINATION_POS industry without interest_MEAN,0.0
PREV_PRODUCT_COMBINATION_POS other with interest_MEAN,0.0
PREV_PRODUCT_COMBINATION_POS others without interest_MEAN,0.0
PREV_PRODUCT_COMBINATION_nan_MEAN,0.0
OCCUPATION_TYPE_Waiters/barmen staff,0.0
WEEKDAY_APPR_PROCESS_START_SUNDAY,0.0
ORGANIZATION_TYPE_Advertising,0.0
ORGANIZATION_TYPE_Agriculture,0.0
ORGANIZATION_TYPE_Bank,0.0
ORGANIZATION_TYPE_Business Entity Type 1,0.0
ORGANIZATION_TYPE_Cleaning,0.0
ORGANIZATION_TYPE_Construction,0.0
ORGANIZATION_TYPE_Culture,0.0
ORGANIZATION_TYPE_Electricity,0.0
ORGANIZATION_TYPE_Emergency,0.0
OCCUPATION_TYPE_Accountants,0.0
OCCUPATION_TYPE_Cleaning staff,0.0
OCCUPATION_TYPE_Cooking staff,0.0
OCCUPATION_TYPE_Core staff,0.0
OCCUPATION_TYPE_HR staff,0.0
OCCUPATION_TYPE_High skill tech staff,0.0
OCCUPATION_TYPE_IT staff,0.0
OCCUPATION_TYPE_Low-skill Laborers,0.0
OCCUPATION_TYPE_Managers,0.0
OCCUPATION_TYPE_Medicine staff,0.0
OCCUPATION_TYPE_Private service staff,0.0
OCCUPATION_TYPE_Realty agents,0.0
OCCUPATION_TYPE_Secretaries,0.0
OCCUPATION_TYPE_Security staff,0.0
NAME_EDUCATION_TYPE_Incomplete higher,0.0
NAME_EDUCATION_TYPE_Lower secondary,0.0
NAME_FAMILY_STATUS_Unknown,0.0
NAME_FAMILY_STATUS_Widow,0.0
NAME_HOUSING_TYPE_Co-op apartment,0.0
NAME_HOUSING_TYPE_Municipal apartment,0.0
NAME_HOUSING_TYPE_Office apartment,0.0
NAME_HOUSING_TYPE_Rented apartment,0.0
FLAG_DOCUMENT_21,0.0
POS_NAME_CONTRACT_STATUS_XNA_MEAN,0.0
CLOSED_AMT_CREDIT_SUM_DEBT_MAX,0.0
CLOSED_AMT_CREDIT_SUM_DEBT_MEAN,0.0
CLOSED_AMT_CREDIT_SUM_DEBT_SUM,0.0
CLOSED_AMT_CREDIT_SUM_OVERDUE_MEAN,0.0
CLOSED_AMT_CREDIT_SUM_LIMIT_MEAN,0.0
CLOSED_AMT_CREDIT_SUM_LIMIT_SUM,0.0
CLOSED_AMT_ANNUITY_MEAN,0.0
CLOSED_CNT_CREDIT_PROLONG_SUM,0.0
CLOSED_MONTHS_BALANCE_MAX_MAX,0.0
POS_NAME_CONTRACT_STATUS_Demand_MEAN,0.0
HOUSETYPE_MODE_block of flats,0.0
HOUSETYPE_MODE_specific housing,0.0
HOUSETYPE_MODE_terraced house,0.0
WALLSMATERIAL_MODE_Block,0.0
NAME_TYPE_SUITE_Group of people,0.0
INSTAL_PAYMENT_PERC_MAX,0.0
AMT_REQ_CREDIT_BUREAU_DAY,0.0
AMT_REQ_CREDIT_BUREAU_WEEK,0.0
NAME_INCOME_TYPE_Businessman,0.0
NAME_INCOME_TYPE_Maternity leave,0.0
NAME_INCOME_TYPE_Student,0.0
NAME_INCOME_TYPE_Unemployed,0.0
NAME_EDUCATION_TYPE_Academic degree,0.0
POS_NAME_CONTRACT_STATUS_Amortized debt_MEAN,0.0
POS_NAME_CONTRACT_STATUS_Approved_MEAN,0.0
POS_NAME_CONTRACT_STATUS_Canceled_MEAN,0.0
FLAG_DOCUMENT_16,0.0
FLAG_DOCUMENT_17,0.0
FLAG_DOCUMENT_18,0.0
FLAG_DOCUMENT_19,0.0
NAME_TYPE_SUITE_Other_B,0.0
